{"v":"5.6.6","ip":0,"op":80,"fr":60,"w":30,"h":30,"layers":[{"ind":2441,"nm":"surface17639","ao":0,"ip":0,"op":80,"st":0,"ty":4,"ks":{"o":{"a":0,"k":100,"ix":11},"r":{"a":1,"k":[{"i":{"x":[0.83],"y":[1]},"o":{"x":[0.17],"y":[0]},"t":0,"s":[0]},{"i":{"x":[0.53],"y":[1]},"o":{"x":[0.6],"y":[0]},"t":11,"s":[-10]},{"i":{"x":[0.83],"y":[1]},"o":{"x":[0.17],"y":[0]},"t":65,"s":[365]},{"i":{"x":[0.83],"y":[1]},"o":{"x":[0.17],"y":[0]},"t":77,"s":[358]},{"t":85,"s":[360]}],"ix":10},"p":{"a":0,"k":[15,15],"ix":2},"a":{"a":0,"k":[11.24,11.24],"ix":1},"s":{"a":0,"k":[133.33,133.33],"ix":6}},"shapes":[{"ty":"gr","hd":false,"nm":"surface17639","it":[{"ty":"gr","hd":false,"it":[{"ty":"sh","ks":{"k":{"i":[[0,0],[0,1.98],[1.98,0],[0,-1.98],[-1.98,0]],"o":[[1.98,0],[0,-1.98],[-1.98,0],[0,1.98],[0,0]],"v":[[16.66,13.26],[20.25,9.68],[16.66,6.09],[13.07,9.68],[16.66,13.26]],"c":true}}},{"ty":"fl","o":{"k":100},"c":{"k":[0.29,0.25,0.82,1]}},{"ty":"tr","o":{"k":100},"r":{"k":0},"p":{"k":[0,0]},"a":{"k":[0,0]},"s":{"k":[100,100]},"sk":{"k":0},"sa":{"k":0},"hd":false}]},{"ty":"gr","hd":false,"it":[{"ty":"sh","ks":{"k":{"i":[[0,0],[0,3.11],[3.25,0],[0,-3.11],[-3.25,0]],"o":[[3.25,0],[0,-3.11],[-3.25,0],[0,3.11],[0,0]],"v":[[11.28,11.73],[17.18,6.09],[11.28,0.45],[5.39,6.09],[11.28,11.73]],"c":true}}},{"ty":"fl","o":{"k":100},"c":{"k":[0.12,0.33,0.66,1]}},{"ty":"tr","o":{"k":100},"r":{"k":0},"p":{"k":[0,0]},"a":{"k":[0,0]},"s":{"k":[100,100]},"sk":{"k":0},"sa":{"k":0},"hd":false}]},{"ty":"gr","hd":false,"it":[{"ty":"gr","hd":false,"it":[{"ty":"sh","ks":{"k":{"i":[[0,0],[0,4.53],[4.53,0],[0,-4.53],[-4.53,0]],"o":[[4.53,0],[0,-4.53],[-4.53,0],[0,4.53],[0,0]],"v":[[10,22.49],[18.2,14.29],[10,6.09],[1.8,14.29],[10,22.49]],"c":true}}},{"ty":"fl","o":{"k":100},"c":{"k":[0.29,0.8,0.83,1]}},{"ty":"tr","o":{"k":100},"r":{"k":0},"p":{"k":[0,0]},"a":{"k":[0,0]},"s":{"k":[100,100]},"sk":{"k":0},"sa":{"k":0},"hd":false}]},{"ty":"tr","o":{"k":100},"r":{"k":0},"p":{"k":[0,0]},"a":{"k":[0,0]},"s":{"k":[100,100]},"sk":{"k":0},"sa":{"k":0},"hd":false}]},{"ty":"tr","o":{"k":100},"r":{"k":0},"p":{"k":[0,0]},"a":{"k":[0,0]},"s":{"k":[100,100]},"sk":{"k":0},"sa":{"k":0},"hd":false}]}]}],"meta":{"g":"LF SVG to Lottie"}}