{"v":"5.6.6","ip":0,"op":149,"fr":60,"w":29,"h":29,"layers":[{"ind":2449,"nm":"surface17659","ao":0,"ip":0,"op":720,"st":0,"ty":4,"ks":{"ty":"tr","o":{"k":100},"r":{"k":0},"p":{"a":0,"k":[14.5,14.5],"ix":2},"a":{"a":0,"k":[9.71,10.98],"ix":1},"s":{"a":0,"k":[100,100,100],"ix":6},"rx":{"a":0,"k":0,"ix":8},"ry":{"a":1,"k":[{"i":{"x":[0.67],"y":[1]},"o":{"x":[0.33],"y":[0]},"t":58,"s":[0]},{"t":107,"s":[360]}],"ix":9},"rz":{"a":0,"k":0,"ix":10},"or":{"a":0,"k":[0,0,0],"ix":7},"sk":{"k":0},"sa":{"k":0}},"shapes":[{"ty":"gr","hd":false,"nm":"surface17659","it":[{"ty":"gr","hd":false,"it":[{"ty":"gr","hd":false,"it":[{"ty":"sh","ks":{"k":{"i":[[0,0],[0,0],[1.61,3.51],[0,0],[0.24,-1.27]],"o":[[0,0],[1.21,-3.61],[0,0],[0.54,1.18],[0,0]],"v":[[7.57,18.25],[15.58,21.97],[14.96,10.87],[7.12,14.49],[7.57,18.25]],"c":true}}},{"ty":"fl","o":{"k":100},"c":{"k":[0.12,0.33,0.66,1]}},{"ty":"tr","o":{"k":100},"r":{"k":0},"p":{"k":[0,0]},"a":{"k":[0,0]},"s":{"k":[100,100]},"sk":{"k":0},"sa":{"k":0},"hd":false}]},{"ty":"tr","o":{"k":100},"r":{"k":0},"p":{"k":[0,0]},"a":{"k":[0,0]},"s":{"k":[100,100]},"sk":{"k":0},"sa":{"k":0},"hd":false}]},{"ty":"gr","hd":false,"it":[{"ty":"sh","ks":{"k":{"i":[[0,0],[0,0],[4.77,1.59],[0,0],[-0.99,-1.36]],"o":[[0,0],[-2.37,-4.36],[0,0],[1.61,0.53],[0,0]],"v":[[8.76,16.2],[19.41,11.88],[8.29,2.61],[4.77,13.29],[8.76,16.2]],"c":true}}},{"ty":"fl","o":{"k":100},"c":{"k":[0.29,0.8,0.83,1]}},{"ty":"tr","o":{"k":100},"r":{"k":0},"p":{"k":[0,0]},"a":{"k":[0,0]},"s":{"k":[100,100]},"sk":{"k":0},"sa":{"k":0},"hd":false}]},{"ty":"gr","hd":false,"it":[{"ty":"sh","ks":{"k":{"i":[[0,0],[0,1.92],[1.8,0],[0,-1.92],[-1.8,0]],"o":[[1.8,0],[0,-1.92],[-1.8,0],[0,1.92],[0,0]],"v":[[5,20.01],[8.27,16.53],[5,13.05],[1.74,16.53],[5,20.01]],"c":true}}},{"ty":"fl","o":{"k":100},"c":{"k":[0.29,0.25,0.82,1]}},{"ty":"tr","o":{"k":100},"r":{"k":0},"p":{"k":[0,0]},"a":{"k":[0,0]},"s":{"k":[100,100]},"sk":{"k":0},"sa":{"k":0},"hd":false}]},{"ty":"tr","o":{"k":100},"r":{"k":0},"p":{"k":[0,0]},"a":{"k":[0,0]},"s":{"k":[100,100]},"sk":{"k":0},"sa":{"k":0},"hd":false}]}]}],"meta":{"g":"LF SVG to Lottie"}}