{"v":"5.6.6","ip":0,"op":80,"fr":60,"w":28,"h":19,"layers":[{"ind":2166,"nm":"surface13860","ao":0,"ip":0,"op":80,"st":0,"ty":4,"ks":{"ty":"tr","o":{"k":100},"r":{"k":0},"p":{"k":[0,0]},"a":{"k":[0,0]},"s":{"a":1,"k":[{"i":{"x":[0.56,0.56,0.56],"y":[1,1,1]},"o":{"x":[0.21,0.21,0.21],"y":[0,0,0]},"t":0,"s":[100,100,100]},{"i":{"x":[0.65,0.65,0.65],"y":[0.98,0.98,3.54]},"o":{"x":[0.31,0.31,0.31],"y":[0,0,0]},"t":10,"s":[135,135,100]},{"i":{"x":[0.56,0.56,0.56],"y":[1,1,1]},"o":{"x":[0.39,0.39,0.39],"y":[-0.03,-0.03,-2.5]},"t":19,"s":[131,131,100]},{"i":{"x":[0.64,0.64,0.64],"y":[0.98,0.98,4.45]},"o":{"x":[0.29,0.29,0.29],"y":[0,0,0]},"t":27,"s":[133,133,100]},{"i":{"x":[0.84,0.84,0.84],"y":[1,1,1]},"o":{"x":[0.39,0.39,0.39],"y":[-0.06,-0.06,-4.3]},"t":33,"s":[98,102,100]},{"t":40,"s":[100,100,100]}],"ix":6},"sk":{"k":0},"sa":{"k":0}},"shapes":[{"ty":"gr","hd":false,"nm":"surface13860","it":[{"ty":"gr","hd":false,"it":[{"ty":"sh","ks":{"k":{"i":[[0,0],[0,0],[0.83,0],[0,-0.83],[0,0],[-0.83,0],[0,0.83]],"o":[[0,0],[0,-0.83],[-0.83,0],[0,0],[0,0.83],[0.83,0],[0,0]],"v":[[5.25,9.75],[5.25,9],[3.75,7.5],[2.25,9],[2.25,9.75],[3.75,11.25],[5.25,9.75]],"c":true}}},{"ty":"fl","o":{"k":100},"c":{"k":[0.29,0.25,0.82,1]}},{"ty":"tr","o":{"k":100},"r":{"k":0},"p":{"k":[0,0]},"a":{"k":[0,0]},"s":{"k":[100,100]},"sk":{"k":0},"sa":{"k":0},"hd":false}]},{"ty":"gr","hd":false,"it":[{"ty":"gr","hd":false,"it":[{"ty":"sh","ks":{"k":{"i":[[0,0],[0,0],[0.57,-0.75],[0,0],[-0.8,-1.07],[0,0],[-0.94,0],[0,0],[0,1.66],[0,0],[1.66,0]],"o":[[0,0],[-0.94,0],[0,0],[-0.8,1.07],[0,0],[0.57,0.75],[0,0],[1.66,0],[0,0],[0,-1.66],[0,0]],"v":[[18,4.5],[11.91,4.5],[9.52,5.7],[8.11,7.57],[8.11,11.18],[9.52,13.05],[11.91,14.25],[18,14.25],[21,11.25],[21,7.5],[18,4.5]],"c":true}}},{"ty":"fl","o":{"k":100},"c":{"k":[0.12,0.33,0.66,1]}},{"ty":"tr","o":{"k":100},"r":{"k":0},"p":{"k":[0,0]},"a":{"k":[0,0]},"s":{"k":[100,100]},"sk":{"k":0},"sa":{"k":0},"hd":false}]},{"ty":"tr","o":{"k":100},"r":{"k":0},"p":{"k":[0,0]},"a":{"k":[0,0]},"s":{"k":[100,100]},"sk":{"k":0},"sa":{"k":0},"hd":false}]},{"ty":"gr","hd":false,"it":[{"ty":"sh","ks":{"k":{"i":[[0,0],[0,0],[-0.57,0.75],[0,0],[0.8,1.07],[0,0],[0.94,0],[0,0],[0,-1.66],[0,0],[-1.66,0]],"o":[[0,0],[0.94,0],[0,0],[0.8,-1.07],[0,0],[-0.57,-0.75],[0,0],[-1.66,0],[0,0],[0,1.66],[0,0]],"v":[[3,9.75],[9.09,9.75],[11.48,8.55],[12.89,6.68],[12.89,3.07],[11.48,1.2],[9.09,0],[3,0],[0,3],[0,6.75],[3,9.75]],"c":true}}},{"ty":"fl","o":{"k":100},"c":{"k":[0.29,0.8,0.83,1]}},{"ty":"tr","o":{"k":100},"r":{"k":0},"p":{"k":[0,0]},"a":{"k":[0,0]},"s":{"k":[100,100]},"sk":{"k":0},"sa":{"k":0},"hd":false}]},{"ty":"tr","o":{"k":100},"r":{"k":0},"p":{"k":[0,0]},"a":{"k":[0,0]},"s":{"k":[100,100]},"sk":{"k":0},"sa":{"k":0},"hd":false}]}]}],"meta":{"g":"LF SVG to Lottie"}}