{
  "v": "5.6.6",
  "ip": 0,
  "op": 160,
  "fr": 60,
  "w": 31,
  "h": 31,
  "layers": [
    {
      "ind": 1783,
      "nm": "surface10847",
      "ao": 0,
      "ip": 0,
      "op": 264,
      "st": 0,
      "ty": 4,
      "ks": {
        "ty": "tr",
        "o": { "k": 100 },
        "r": { "k": 0 },
        "p": { "k": [0, 0] },
        "a": { "k": [0, 0] },
        "s": { "k": [133.33, 133.33] },
        "sk": { "k": 0 },
        "sa": { "k": 0 }
      },
      "shapes": [
        {
          "ty": "gr",
          "hd": false,
          "nm": "surface10847",
          "it": [
            {
              "ty": "gr",
              "hd": false,
              "it": [
                {
                  "ty": "gr",
                  "hd": false,
                  "it": [
                    {
                      "ty": "gr",
                      "hd": false,
                      "it": [
                        {
                          "ty": "sh",
                          "ks": {
                            "k": {
                              "i": [
                                [0, 0],
                                [0.25, -1.2],
                                [0.26, -0.63],
                                [0.57, -0.68],
                                [0.74, 1.07],
                                [-0.49, 0.88],
                                [-0.1, 0.23],
                                [-0.04, 0.09],
                                [-1.22, 0]
                              ],
                              "o": [
                                [1.22, 0],
                                [-0.14, 0.66],
                                [-0.27, 0.65],
                                [-0.84, 0.99],
                                [-0.57, -0.83],
                                [0.12, -0.22],
                                [0.04, -0.09],
                                [0.41, -1.15],
                                [0, 0]
                              ],
                              "v": [
                                [20.27, 12.01],
                                [22.26, 14.2],
                                [21.66, 16.13],
                                [20.31, 18.17],
                                [17.18, 17.93],
                                [17.25, 15.12],
                                [17.58, 14.44],
                                [17.68, 14.18],
                                [20.27, 12.01]
                              ],
                              "c": true
                            }
                          }
                        },
                        {
                          "ty": "fl",
                          "o": { "k": 100 },
                          "c": { "k": [0.29, 0.8, 0.83, 1] }
                        },
                        {
                          "ty": "tr",
                          "o": { "k": 100 },
                          "r": { "k": 0 },
                          "p": { "k": [0, 0] },
                          "a": { "k": [0, 0] },
                          "s": { "k": [100, 100] },
                          "sk": { "k": 0 },
                          "sa": { "k": 0 },
                          "hd": false
                        }
                      ]
                    },
                    {
                      "ty": "tr",
                      "o": { "k": 100 },
                      "r": { "k": 0 },
                      "p": { "k": [0, 0] },
                      "a": { "k": [0, 0] },
                      "s": { "k": [100, 100] },
                      "sk": { "k": 0 },
                      "sa": { "k": 0 },
                      "hd": false
                    }
                  ]
                },
                {
                  "ty": "tr",
                  "o": { "k": 100 },
                  "r": { "k": 0 },
                  "p": { "k": [0, 0] },
                  "a": { "k": [0, 0] },
                  "s": { "k": [100, 100] },
                  "sk": { "k": 0 },
                  "sa": { "k": 0 },
                  "hd": false
                }
              ]
            },
            {
              "ty": "gr",
              "hd": false,
              "it": [
                {
                  "ty": "gr",
                  "hd": false,
                  "it": [
                    {
                      "ty": "gr",
                      "hd": false,
                      "it": [
                        {
                          "ty": "sh",
                          "ks": {
                            "k": {
                              "i": [
                                [0, 0],
                                [1.66, 0],
                                [0, 0],
                                [0, 1.66],
                                [0, 0],
                                [-1.59, -0.46],
                                [-1.02, -3.57]
                              ],
                              "o": [
                                [0.46, 1.59],
                                [0, 0],
                                [-1.66, 0],
                                [0, 0],
                                [0, -1.66],
                                [3.57, 1.02],
                                [0, 0]
                              ],
                              "v": [
                                [22.84, 7.82],
                                [20.25, 10.78],
                                [15.47, 10.78],
                                [12.47, 7.78],
                                [12.47, 3],
                                [15.43, 0.41],
                                [22.84, 7.82]
                              ],
                              "c": true
                            }
                          }
                        },
                        {
                          "ty": "fl",
                          "o": { "k": 100 },
                          "c": { "k": [0.12, 0.33, 0.66, 1] }
                        },
                        {
                          "ty": "tr",
                          "o": { "k": 100 },
                          "r": { "k": 0 },
                          "p": { "k": [0, 0] },
                          "a": { "k": [0, 0] },
                          "s": { "k": [100, 100] },
                          "sk": { "k": 0 },
                          "sa": { "k": 0 },
                          "hd": false
                        }
                      ]
                    },
                    {
                      "ty": "tr",
                      "o": { "k": 100 },
                      "r": { "k": 0 },
                      "p": { "k": [0, 0] },
                      "a": { "k": [0, 0] },
                      "s": { "k": [100, 100] },
                      "sk": { "k": 0 },
                      "sa": { "k": 0 },
                      "hd": false
                    }
                  ]
                },
                {
                  "ty": "tr",
                  "o": { "k": 100 },
                  "r": { "k": 0 },
                  "p": { "k": [0, 0] },
                  "a": { "k": [0, 0] },
                  "s": { "k": [100, 100] },
                  "sk": { "k": 0 },
                  "sa": { "k": 0 },
                  "hd": false
                }
              ]
            },
            {
              "ty": "gr",
              "hd": false,
              "it": [
                {
                  "ty": "gr",
                  "hd": false,
                  "it": [
                    {
                      "ty": "gr",
                      "hd": false,
                      "it": [
                        {
                          "ty": "sh",
                          "ks": {
                            "k": {
                              "i": [
                                [0, 0],
                                [0.29, -1.49],
                                [0.52, -0.52],
                                [1.69, 0],
                                [0, 3.51],
                                [-2.06, 1.05],
                                [0, -1.66],
                                [0, 0],
                                [-1.52, 0]
                              ],
                              "o": [
                                [1.52, 0],
                                [-0.12, 0.64],
                                [-1.19, 1.19],
                                [-3.51, 0],
                                [0, -2.47],
                                [1.48, -0.75],
                                [0, 0],
                                [0, 1.52],
                                [0, 0]
                              ],
                              "v": [
                                [14.46, 11.54],
                                [17.1, 14.29],
                                [16.2, 16.04],
                                [11.71, 17.9],
                                [5.35, 11.54],
                                [8.82, 5.88],
                                [11.71, 8.19],
                                [11.71, 8.79],
                                [14.46, 11.54]
                              ],
                              "c": true
                            }
                          }
                        },
                        {
                          "ty": "fl",
                          "o": { "k": 100 },
                          "c": { "k": [0.29, 0.25, 0.82, 1] }
                        },
                        {
                          "ty": "tr",
                          "o": { "k": 100 },
                          "r": { "k": 0 },
                          "p": { "k": [0, 0] },
                          "a": { "k": [0, 0] },
                          "s": { "k": [100, 100] },
                          "sk": { "k": 0 },
                          "sa": { "k": 0 },
                          "hd": false
                        }
                      ]
                    },
                    {
                      "ty": "tr",
                      "o": { "k": 100 },
                      "r": { "k": 0 },
                      "p": { "k": [0, 0] },
                      "a": { "k": [0, 0] },
                      "s": { "k": [100, 100] },
                      "sk": { "k": 0 },
                      "sa": { "k": 0 },
                      "hd": false
                    }
                  ]
                },
                {
                  "ty": "tr",
                  "o": { "k": 100 },
                  "r": { "k": 0 },
                  "p": { "k": [0, 0] },
                  "a": { "k": [0, 0] },
                  "s": { "k": [100, 100] },
                  "sk": { "k": 0 },
                  "sa": { "k": 0 },
                  "hd": false
                }
              ]
            },
            {
              "ty": "gr",
              "hd": false,
              "it": [
                {
                  "ty": "gr",
                  "hd": false,
                  "it": [
                    {
                      "ty": "gr",
                      "hd": false,
                      "it": [
                        {
                          "ty": "sh",
                          "ks": {
                            "k": {
                              "i": [
                                [0, 0],
                                [1.02, -0.67],
                                [0.62, -0.26],
                                [1.41, 0],
                                [0, 5.95],
                                [-4.51, 1.29],
                                [0, -1.66],
                                [0, 0],
                                [-1.66, 0],
                                [0, 0],
                                [0.53, -1.27],
                                [0.04, -0.09],
                                [-0.86, -0.86]
                              ],
                              "o": [
                                [0.86, 0.86],
                                [-0.56, 0.37],
                                [-1.31, 0.54],
                                [-5.95, 0],
                                [0, -4.93],
                                [1.59, -0.46],
                                [0, 0],
                                [0, 1.66],
                                [0, 0],
                                [1.38, 0],
                                [-0.04, 0.09],
                                [-0.52, 1.11],
                                [0, 0]
                              ],
                              "v": [
                                [16.84, 18.53],
                                [16.69, 21.49],
                                [14.9, 22.43],
                                [10.78, 23.25],
                                [0, 12.47],
                                [7.82, 2.11],
                                [10.78, 4.7],
                                [10.78, 9.47],
                                [13.78, 12.47],
                                [14.64, 12.47],
                                [16.65, 14.91],
                                [16.54, 15.16],
                                [16.84, 18.53]
                              ],
                              "c": true
                            }
                          }
                        },
                        {
                          "ty": "fl",
                          "o": { "k": 100 },
                          "c": { "k": [0.29, 0.8, 0.83, 1] }
                        },
                        {
                          "ty": "tr",
                          "o": { "k": 100 },
                          "r": { "k": 0 },
                          "p": { "k": [0, 0] },
                          "a": { "k": [0, 0] },
                          "s": { "k": [100, 100] },
                          "sk": { "k": 0 },
                          "sa": { "k": 0 },
                          "hd": false
                        }
                      ]
                    },
                    {
                      "ty": "tr",
                      "o": { "k": 100 },
                      "r": { "k": 0 },
                      "p": { "k": [0, 0] },
                      "a": { "k": [0, 0] },
                      "s": { "k": [100, 100] },
                      "sk": { "k": 0 },
                      "sa": { "k": 0 },
                      "hd": false
                    }
                  ]
                },
                {
                  "ty": "tr",
                  "o": { "k": 100 },
                  "r": { "k": 0 },
                  "p": { "k": [0, 0] },
                  "a": { "k": [0, 0] },
                  "s": { "k": [100, 100] },
                  "sk": { "k": 0 },
                  "sa": { "k": 0 },
                  "hd": false
                }
              ]
            },
            {
              "ty": "tr",
              "o": { "k": 100 },
              "r": { "k": 0 },
              "p": { "k": [0, 0] },
              "a": { "k": [0, 0] },
              "s": { "k": [100, 100] },
              "sk": { "k": 0 },
              "sa": { "k": 0 },
              "hd": false
            }
          ]
        },
        {
          "ty": "tm",
          "s": { "a": 0, "k": 0, "ix": 1 },
          "e": {
            "a": 1,
            "k": [
              {
                "i": { "x": [0.27], "y": [1] },
                "o": { "x": [0.5], "y": [0] },
                "t": 0,
                "s": [0]
              },
              { "t": 66, "s": [100] }
            ],
            "ix": 2
          },
          "o": { "a": 0, "k": 0, "ix": 3 },
          "m": 1,
          "ix": 2,
          "hd": false
        }
      ]
    }
  ],
  "meta": { "g": "LF SVG to Lottie" }
}
