{"v":"5.6.6","ip":0,"op":149,"fr":60,"w":34,"h":37,"layers":[{"ind":2174,"nm":"surface13880","ao":0,"ip":0,"op":720,"st":0,"ty":4,"ks":{"ty":"tr","o":{"k":100},"r":{"k":0},"p":{"a":0,"k":[21.25,23.12],"ix":2},"a":{"a":0,"k":[17,18.5],"ix":1},"s":{"a":1,"k":[{"i":{"x":[0.67,0.67,0.67],"y":[1,1,1]},"o":{"x":[0.33,0.33,0.33],"y":[0,0,0]},"t":0,"s":[106,106,100]},{"i":{"x":[0.67,0.67,0.67],"y":[1,1,1]},"o":{"x":[0.33,0.33,0.33],"y":[0,0,0]},"t":18,"s":[93,93,100]},{"t":42,"s":[106,106,100]}],"ix":6},"sk":{"k":0},"sa":{"k":0}},"shapes":[{"ty":"gr","hd":false,"nm":"surface13880","it":[{"ty":"gr","hd":false,"it":[{"ty":"sh","ks":{"k":{"i":[[0,0],[0,0],[0,-1.66],[-1.66,0],[0,0],[0,1.66],[1.66,0]],"o":[[0,0],[-1.66,0],[0,1.66],[0,0],[1.66,0],[0,-1.66],[0,0]],"v":[[15,8.25],[7.5,8.25],[4.5,11.25],[7.5,14.25],[15,14.25],[18,11.25],[15,8.25]],"c":true}}},{"ty":"fl","o":{"k":100},"c":{"k":[0.29,0.25,0.82,1]}},{"ty":"tr","o":{"k":100},"r":{"k":0},"p":{"k":[0,0]},"a":{"k":[0,0]},"s":{"k":[100,100]},"sk":{"k":0},"sa":{"k":0},"hd":false}]},{"ty":"gr","hd":false,"it":[{"ty":"gr","hd":false,"it":[{"ty":"sh","ks":{"k":{"i":[[0,0],[0,-1.66],[0,0],[0.56,-0.56],[0.8,0],[0,0],[-0.56,0.56],[0,0.79],[0,0],[-1.66,0]],"o":[[1.66,0],[0,0],[0,0.79],[-0.56,0.56],[0,0],[0.8,0],[0.56,-0.56],[0,0],[0,-1.66],[0,0]],"v":[[22.5,20.36],[25.5,23.36],[25.5,24.77],[24.62,26.88],[22.5,27.75],[2.83,27.75],[4.96,26.88],[5.84,24.77],[5.84,23.36],[8.84,20.36]],"c":true}}},{"ty":"fl","o":{"k":100},"c":{"k":[0.12,0.33,0.66,1]}},{"ty":"tr","o":{"k":100},"r":{"k":0},"p":{"k":[0,0]},"a":{"k":[0,0]},"s":{"k":[100,100]},"sk":{"k":0},"sa":{"k":0},"hd":false}]},{"ty":"tr","o":{"k":100},"r":{"k":0},"p":{"k":[0,0]},"a":{"k":[0,0]},"s":{"k":[100,100]},"sk":{"k":0},"sa":{"k":0},"hd":false}]},{"ty":"gr","hd":false,"it":[{"ty":"gr","hd":false,"it":[{"ty":"sh","ks":{"k":{"i":[[0,0],[-1.66,0],[0,0],[0,-1.66],[0,0],[0.57,-0.32],[0.8,0],[0,0],[0.57,0.32],[0,0.46]],"o":[[0,-1.66],[0,0],[1.66,0],[0,0],[0,0.46],[-0.57,0.32],[0,0],[-0.8,0],[-0.57,-0.32],[0,0]],"v":[[0,14.66],[3,11.66],[19.36,11.66],[22.36,14.66],[22.36,26.02],[21.47,27.24],[19.32,27.75],[3.04,27.75],[0.89,27.24],[0,26.02]],"c":true}}},{"ty":"fl","o":{"k":100},"c":{"k":[0.29,0.8,0.83,1]}},{"ty":"tr","o":{"k":100},"r":{"k":0},"p":{"k":[0,0]},"a":{"k":[0,0]},"s":{"k":[100,100]},"sk":{"k":0},"sa":{"k":0},"hd":false}]},{"ty":"tr","o":{"k":100},"r":{"k":0},"p":{"k":[0,0]},"a":{"k":[0,0]},"s":{"k":[100,100]},"sk":{"k":0},"sa":{"k":0},"hd":false}]},{"ty":"tr","o":{"k":100},"r":{"k":0},"p":{"k":[0,0]},"a":{"k":[0,0]},"s":{"k":[100,100]},"sk":{"k":0},"sa":{"k":0},"hd":false}]}]}],"meta":{"g":"LF SVG to Lottie"}}